,sz_prob,pred,label
9.99609375,0.0643772184848785,0.0,0.0
11.99609375,0.0513690970838069,0.0,0.0
13.99609375,0.0490693822503089,0.0,0.0
15.99609375,0.0497288554906845,0.0,0.0
17.99609375,0.044916670769453,0.0,0.0
19.99609375,0.0526413097977638,0.0,0.0
21.99609375,0.0603225044906139,0.0,0.0
23.99609375,0.0545826181769371,0.0,0.0
25.99609375,0.0748524665832519,0.0,0.0
27.99609375,0.0683290138840675,0.0,0.0
29.99609375,0.0771321430802345,0.0,0.0
31.99609375,0.0670483037829399,0.0,0.0
33.99609375,0.0656917542219162,0.0,0.0
35.99609375,0.0603483617305755,0.0,0.0
37.99609375,0.0481124334037303,0.0,0.0
39.99609375,0.0413660295307636,0.0,0.0
41.99609375,0.0439827553927898,0.0,0.0
43.99609375,0.0343715362250804,0.0,0.0
45.99609375,0.0332734696567058,0.0,0.0
47.99609375,0.0436826348304748,0.0,0.0
49.99609375,0.0453645959496498,0.0,0.0
51.99609375,0.0419241711497306,0.0,0.0
53.99609375,0.0479019358754158,0.0,0.0
55.99609375,0.037189170718193,0.0,0.0
57.99609375,0.0410625115036964,0.0,0.0
59.99609375,0.0553532056510448,0.0,0.0
61.99609375,0.0549535900354385,0.0,0.0
63.99609375,0.050939030945301,0.0,0.0
65.99609375,0.0669729113578796,0.0,0.0
67.99609375,0.0566685609519481,0.0,0.0
69.99609375,0.0700261071324348,0.0,0.0
71.99609375,0.0617319382727146,0.0,0.0
73.99609375,0.0588395670056343,0.0,0.0
75.99609375,0.0406705848872661,0.0,0.0
77.99609375,0.0375142283737659,0.0,0.0
79.99609375,0.0402236729860305,0.0,0.0
81.99609375,0.034110203385353,0.0,0.0
83.99609375,0.0325281396508216,0.0,0.0
85.99609375,0.0355302579700946,0.0,0.0
87.99609375,0.0381974019110202,0.0,0.0
89.99609375,0.042716909199953,0.0,0.0
91.99609375,0.0428391210734844,0.0,0.0
93.99609375,0.0376507230103015,0.0,0.0
95.99609375,0.0382364653050899,0.0,0.0
97.99609375,0.0363102629780769,0.0,0.0
99.99609375,0.0379866175353527,0.0,0.0
101.99609375,0.0556040741503238,0.0,0.0
103.99609375,0.051735021173954,0.0,0.0
105.99609375,0.0479597300291061,0.0,0.0
107.99609375,0.049965813755989,0.0,0.0
109.99609375,0.0490773469209671,0.0,0.0
111.99609375,0.0509115941822528,0.0,0.0
113.99609375,0.0468559712171554,0.0,0.0
115.99609375,0.0466633699834346,0.0,0.0
117.99609375,0.0338698700070381,0.0,0.0
119.99609375,0.0420112162828445,0.0,0.0
121.99609375,0.0367651954293251,0.0,0.0
123.99609375,0.0346199348568916,0.0,0.0
125.99609375,0.0403039678931236,0.0,0.0
127.99609375,0.0469225943088531,0.0,0.0
129.99609375,0.0444814376533031,0.0,0.0
131.99609375,0.0547175966203212,0.0,0.0
133.99609375,0.0498143173754215,0.0,0.0
135.99609375,0.0522166229784488,0.0,0.0
137.99609375,0.0527621731162071,0.0,0.0
139.99609375,0.0535423271358013,0.0,0.0
141.99609375,0.0617421492934227,0.0,0.0
143.99609375,0.0697772428393364,0.0,0.0
145.99609375,0.0591267347335815,0.0,0.0
147.99609375,0.0538081973791122,0.0,0.0
149.99609375,0.0509534962475299,0.0,0.0
151.99609375,0.0414640754461288,0.0,0.0
153.99609375,0.0369356833398342,0.0,0.0
155.99609375,0.0501805581152439,0.0,0.0
157.99609375,0.0442530438303947,0.0,0.0
159.99609375,0.0388672091066837,0.0,0.0
161.99609375,0.0453861616551876,0.0,0.0
163.99609375,0.0403470396995544,0.0,0.0
165.99609375,0.046647485345602,0.0,0.0
167.99609375,0.0486720986664295,0.0,0.0
169.99609375,0.0521230548620224,0.0,0.0
171.99609375,0.0509189069271087,0.0,0.0
173.99609375,0.0426010452210903,0.0,0.0
175.99609375,0.0594070889055728,0.0,0.0
177.99609375,0.0661887526512146,0.0,0.0
179.99609375,0.0622321404516696,0.0,0.0
181.99609375,0.0759357586503028,0.0,0.0
183.99609375,0.047765415161848,0.0,0.0
185.99609375,0.0521689802408218,0.0,0.0
187.99609375,0.0384066738188266,0.0,0.0
189.99609375,0.0387535952031612,0.0,0.0
191.99609375,0.0356386452913284,0.0,0.0
193.99609375,0.0482059493660926,0.0,0.0
195.99609375,0.0453624911606311,0.0,0.0
197.99609375,0.0534542836248874,0.0,0.0
199.99609375,0.055703118443489,0.0,0.0
201.99609375,0.044104166328907,0.0,0.0
203.99609375,0.0460852496325969,0.0,0.0
205.99609375,0.042437445372343,0.0,0.0
207.99609375,0.0402049832046031,0.0,0.0
209.99609375,0.0359241068363189,0.0,0.0
211.99609375,0.0400616526603698,0.0,0.0
213.99609375,0.0468368045985698,0.0,0.0
215.99609375,0.0440850704908371,0.0,0.0
217.99609375,0.0492543242871761,0.0,0.0
219.99609375,0.0465141125023365,0.0,0.0
221.99609375,0.0548879168927669,0.0,0.0
223.99609375,0.0488797016441822,0.0,0.0
225.99609375,0.0523176081478595,0.0,0.0
227.99609375,0.0431841611862182,0.0,0.0
229.99609375,0.0513268858194351,0.0,0.0
231.99609375,0.0463263131678104,0.0,0.0
233.99609375,0.0482167899608612,0.0,0.0
235.99609375,0.0528192967176437,0.0,0.0
237.99609375,0.0398946925997734,0.0,0.0
239.99609375,0.0475083589553833,0.0,0.0
241.99609375,0.0577612817287445,0.0,0.0
243.99609375,0.0465949475765228,0.0,0.0
245.99609375,0.0473368689417839,0.0,0.0
247.99609375,0.0564332120120525,0.0,0.0
249.99609375,0.0447743199765682,0.0,0.0
251.99609375,0.0423391833901405,0.0,0.0
253.99609375,0.0506618581712245,0.0,0.0
255.99609375,0.0433717891573905,0.0,0.0
257.99609375,0.0493135750293731,0.0,0.0
259.99609375,0.0538567975163459,0.0,0.0
261.99609375,0.0525945760309696,0.0,0.0
263.99609375,0.0393931046128273,0.0,0.0
265.99609375,0.0462051033973693,0.0,0.0
267.99609375,0.0456896647810936,0.0,0.0
269.99609375,0.0478054322302341,0.0,0.0
271.99609375,0.0391972474753856,0.0,0.0
273.99609375,0.0428538732230663,0.0,0.0
275.99609375,0.0340904667973518,0.0,0.0
277.99609375,0.0383263751864433,0.0,0.0
279.99609375,0.0368057787418365,0.0,0.0
281.99609375,0.0434312000870704,0.0,0.0
283.99609375,0.0585182271897792,0.0,0.0
285.99609375,0.0959740951657295,0.0,0.0
287.99609375,0.0996372625231742,0.0,0.0
289.99609375,0.13164983689785,0.0,0.0
291.99609375,0.1043159663677215,0.0,0.0
293.99609375,0.0573441721498966,0.0,0.0
295.99609375,0.0691222548484802,0.0,0.0
297.99609375,0.0611875802278518,0.0,0.0
299.99609375,0.0705578029155731,0.0,0.0
301.99609375,0.0865680873394012,0.0,0.0
303.99609375,0.0905792638659477,0.0,0.0
305.99609375,0.1085956394672393,0.0,0.0
307.99609375,0.0965100824832916,0.0,0.0
309.99609375,0.0604360736906528,0.0,0.0
311.99609375,0.0609848462045192,0.0,0.0
313.99609375,0.0449265539646148,0.0,0.0
315.99609375,0.0604747310280799,0.0,0.0
317.99609375,0.0689638257026672,0.0,0.0
319.99609375,0.0590493604540824,0.0,0.0
321.99609375,0.0770368874073028,0.0,0.0
323.99609375,0.0717045739293098,0.0,0.0
325.99609375,0.067226693034172,0.0,0.0
327.99609375,0.0771614760160446,0.0,0.0
329.99609375,0.0570435263216495,0.0,0.0
331.99609375,0.0442628487944603,0.0,0.0
333.99609375,0.0410767905414104,0.0,0.0
335.99609375,0.0360748283565044,0.0,0.0
337.99609375,0.0372918955981731,0.0,0.0
339.99609375,0.0863585919141769,0.0,0.0
341.99609375,0.0770392939448356,0.0,0.0
343.99609375,0.086168959736824,0.0,0.0
345.99609375,0.0717499181628227,0.0,0.0
347.99609375,0.0614528320729732,0.0,0.0
349.99609375,0.0387176871299743,0.0,0.0
351.99609375,0.0435991771519184,0.0,0.0
353.99609375,0.0396975651383399,0.0,0.0
355.99609375,0.0401952229440212,0.0,0.0
357.99609375,0.040324866771698,0.0,0.0
359.99609375,0.0356813445687294,0.0,0.0
361.99609375,0.0358684174716472,0.0,0.0
363.99609375,0.0376505739986896,0.0,0.0
365.99609375,0.0342512987554073,0.0,0.0
367.99609375,0.0345716215670108,0.0,0.0
369.99609375,0.0413263626396656,0.0,0.0
371.99609375,0.0430372469127178,0.0,0.0
373.99609375,0.0492196641862392,0.0,0.0
375.99609375,0.0530844368040561,0.0,0.0
377.99609375,0.057770699262619,0.0,0.0
379.99609375,0.063431866466999,0.0,0.0
381.99609375,0.0616208799183368,0.0,0.0
383.99609375,0.062571182847023,0.0,0.0
385.99609375,0.0729126408696174,0.0,0.0
387.99609375,0.0757798850536346,0.0,0.0
389.99609375,0.072701871395111,0.0,0.0
391.99609375,0.0982579290866851,0.0,0.0
393.99609375,0.0657129138708114,0.0,0.0
395.99609375,0.051973633468151,0.0,0.0
397.99609375,0.0520901568233966,0.0,0.0
399.99609375,0.045825820416212,0.0,0.0
401.99609375,0.039238691329956,0.0,0.0
403.99609375,0.0539214275777339,0.0,0.0
405.99609375,0.0576974786818027,0.0,0.0
407.99609375,0.0568399801850318,0.0,0.0
409.99609375,0.0596888624131679,0.0,0.0
411.99609375,0.0781076401472091,0.0,0.0
413.99609375,0.1009818166494369,0.0,0.0
415.99609375,0.1099496409296989,0.0,0.0
417.99609375,0.0967328920960426,0.0,0.0
419.99609375,0.0942643135786056,0.0,0.0
421.99609375,0.0746655166149139,0.0,0.0
423.99609375,0.0609373673796653,0.0,0.0
425.99609375,0.0394662357866764,0.0,0.0
427.99609375,0.0385026894509792,0.0,0.0
429.99609375,0.046065554022789,0.0,0.0
431.99609375,0.0608773864805698,0.0,0.0
433.99609375,0.0533035434782505,0.0,0.0
435.99609375,0.0591609179973602,0.0,0.0
437.99609375,0.0416722297668457,0.0,0.0
439.99609375,0.0356101617217063,0.0,0.0
441.99609375,0.0331750325858593,0.0,0.0
443.99609375,0.0378783643245697,0.0,0.0
445.99609375,0.0788890123367309,0.0,0.0
447.99609375,0.1284205019474029,0.0,0.0
449.99609375,0.207329049706459,0.0,0.0
451.99609375,0.2034368366003036,0.0,0.0
453.99609375,0.1758595407009124,0.0,0.0
455.99609375,0.1150069013237953,0.0,0.0
457.99609375,0.0628229528665542,0.0,0.0
459.99609375,0.0510953739285469,0.0,0.0
461.99609375,0.0467913933098316,0.0,0.0
463.99609375,0.0414909459650516,0.0,0.0
465.99609375,0.0537257492542266,0.0,0.0
467.99609375,0.0468419380486011,0.0,0.0
469.99609375,0.0691442564129829,0.0,0.0
471.99609375,0.0912299379706382,0.0,0.0
473.99609375,0.0975200682878494,0.0,0.0
475.99609375,0.0877387076616287,0.0,0.0
477.99609375,0.0975708067417144,0.0,0.0
479.99609375,0.051972646266222,0.0,0.0
481.99609375,0.0497234687209129,0.0,0.0
483.99609375,0.0480402298271656,0.0,0.0
485.99609375,0.0485251173377037,0.0,0.0
487.99609375,0.0567033663392066,0.0,0.0
489.99609375,0.0724438354372978,0.0,0.0
491.99609375,0.0595960691571235,0.0,0.0
493.99609375,0.0711339488625526,0.0,0.0
495.99609375,0.0587881058454513,0.0,0.0
497.99609375,0.0471404939889907,0.0,0.0
499.99609375,0.0541657581925392,0.0,0.0
501.99609375,0.0621421486139297,0.0,0.0
503.99609375,0.0613434873521328,0.0,0.0
505.99609375,0.0506263822317123,0.0,0.0
507.99609375,0.0586719177663326,0.0,0.0
509.99609375,0.0507378987967968,0.0,0.0
511.99609375,0.0418635495007038,0.0,0.0
513.99609375,0.0442572459578514,0.0,0.0
515.99609375,0.0547558404505252,0.0,0.0
517.99609375,0.0482280626893043,0.0,0.0
519.99609375,0.055335383862257,0.0,0.0
521.99609375,0.0697215721011161,0.0,0.0
523.99609375,0.0963034257292747,0.0,0.0
525.99609375,0.0771611928939819,0.0,0.0
527.99609375,0.0751322880387306,0.0,0.0
529.99609375,0.0541479438543319,0.0,0.0
531.99609375,0.0500238835811615,0.0,0.0
533.99609375,0.0463543348014354,0.0,0.0
535.99609375,0.0567764043807983,0.0,0.0
537.99609375,0.0746542438864708,0.0,0.0
539.99609375,0.0713827088475227,0.0,0.0
541.99609375,0.0562178380787372,0.0,0.0
543.99609375,0.0537149347364902,0.0,0.0
545.99609375,0.0469334311783313,0.0,0.0
547.99609375,0.047170802950859,0.0,0.0
549.99609375,0.046127051115036,0.0,0.0
551.99609375,0.0556765384972095,0.0,0.0
553.99609375,0.0778049752116203,0.0,0.0
555.99609375,0.0722212344408035,0.0,0.0
557.99609375,0.0771214887499809,0.0,0.0
559.99609375,0.0801591500639915,0.0,0.0
561.99609375,0.0485504157841205,0.0,0.0
563.99609375,0.0464559309184551,0.0,0.0
565.99609375,0.0569883994758129,0.0,0.0
567.99609375,0.05975928530097,0.0,0.0
569.99609375,0.0565769113600254,0.0,0.0
571.99609375,0.0648192688822746,0.0,0.0
573.99609375,0.0489921309053897,0.0,0.0
575.99609375,0.055330716073513,0.0,0.0
577.99609375,0.0496621280908584,0.0,0.0
579.99609375,0.0585806481540203,0.0,0.0
581.99609375,0.0689853206276893,0.0,0.0
583.99609375,0.0796319842338562,0.0,0.0
585.99609375,0.0789367705583572,0.0,0.0
587.99609375,0.0515495873987674,0.0,0.0
589.99609375,0.061369240283966,0.0,0.0
591.99609375,0.0504032485187053,0.0,0.0
593.99609375,0.0490806438028812,0.0,0.0
595.99609375,0.0709177628159523,0.0,0.0
597.99609375,0.0747234523296356,0.0,0.0
599.99609375,0.0728846415877342,0.0,0.0
